rns_id,url,date,ticker,director,shares,price,value,value_band,fingerprint
8912265,,2025-06-02,ENT,"Eminence Capital, Lp",3242667,7.506,24339458.5,gt_100k,63390823925377d4
8962777,,2025-07-01,ENT,"Eminence Capital, Lp",1606144,9.177999999999999,14741189.63,gt_100k,d53189b46bcb0c33
8863289,,2025-05-01,ENT,"Eminence Capital, Lp",1661500,6.376,10593724.0,gt_100k,48d98ec24c9e0a81
8946247,,2025-06-24,IGP,Jacques Tredoux,60000,171.0,10260000.0,gt_100k,cd575649d3e43334
9091681,,2025-09-02,ENT,"Eminence Capital, Lp",1059998,8.716000000000001,9238942.57,gt_100k,06acc7a794f3782b
9508842,,2026-04-01,ENT,"Eminence Capital, Lp",1454203,5.792000000000001,8422743.78,gt_100k,e5ee02460e0a72fe
9460976,https://www.investegate.co.uk/announcement/rns/system1-group--sys1/director-pdmr-shareholding/9460976,2026-03-02,SYS1,John Kearon,2905899,2.4864,7225227.27,gt_100k,ea6a4e3d631f1b33
9334375,,2026-01-02,ENT,"Eminence Capital, Lp",621384,7.666,4763529.74,gt_100k,adb4cb39f4ba06c0
9273586,,2025-12-01,ENT,"Eminence Capital, Lp",485188,7.87,3818429.56,gt_100k,fa2c13785c39596b
9297069,,2025-12-15,AI,William,428571,7.0,2999997.0,gt_100k,b196b672cd605738
9494459,,2026-03-26,ARBB,Sir Henry Angest,300000,8.6,2580000.0,gt_100k,21709d5874c14c09
9217645,,2025-11-03,ENT,"Eminence Capital, Lp",245579,7.89,1937618.31,gt_100k,4a0049a967d6855c
8863289,,2025-05-01,ENT,"Eminence Capital, Lp",226080,6.5585,1482745.68,gt_100k,947e815f8604ea0a
8903542,,2025-05-27,ELIX,Christopher Jordan,120642,8.4,1013392.8,gt_100k,6b315db97bf0bc60
9311345,https://www.investegate.co.uk/announcement/rns/diploma--dplm/director-pdmr-shareholding/9311345,2025-12-19,DPLM,Wilson Ng,12699,53.409362941963934,678245.5,gt_100k,a6484abdd0f75e00
9490111,,2026-03-19,BA,Charles Woodburn,22516,23.0295,518532.22,gt_100k,210d4b5b497d18b5
9555689,,2026-04-30,ULVR,Fabian Garcia,8219,61.07,501934.33,gt_100k,be7ce465a1acbb74
9164079,,2025-10-08,RR,Paulo Cesar Silva,41780,11.6175,485379.15,gt_100k,47643cbae501e535
9291550,,2025-12-08,VLX,Dave Webster,113096,4.083337890818419,461809.18,gt_100k,48e1da619a826636
9555689,,2026-04-30,ULVR,Fernando Fernandez,8876,45.35,402526.6,gt_100k,234d46c269234f08
8871006,,2025-05-09,BATS,Tadeu Marroco,12492,31.82,397495.44,gt_100k,155d9892e4f802c4
9043942,,2025-07-28,ASAI,John Khabbaz,290300,1.2864,373441.92,gt_100k,8d3865ccbe672948
9490111,,2026-03-19,BA,Thomas Arseneault,15840,23.0295,364787.28,gt_100k,25d48ccac715d4b2
9560123,,2026-05-08,BNZL,Frank van Zanten,15000,23.91,358650.0,gt_100k,911d0a70558d873a
9555689,,2026-04-30,ULVR,Reginaldo Ecclissato,7895,45.35,358038.25,gt_100k,cbe20448082048ff
8890342,,2025-05-19,PRU,Anil Wadhwani,3807,90.75,345485.25,gt_100k,4cfb71d6a3f18f35
9045434,,2025-08-11,ZEN,Luca Benedetto,633000,0.51,322830.0,gt_100k,9ef05eb09cb59019
8952502,,2025-06-27,BRBY,Mr Joshua Schulman,29744,10.690945,317991.47,gt_100k,ea5f07cfc0916813
9555689,,2026-04-30,ULVR,Heiko Schipper,5827,52.76,307432.52,gt_100k,2d61e97634de1c5e
9490111,,2026-03-19,BA,Bradley Greve,12717,23.0295,292866.15,gt_100k,954a0fe0a28c7f2c
8875035,,2025-05-12,PTEC,Mor Weizer,78820,3.400185,268002.58,gt_100k,c25c95e0fa8b196d
9560129,,2026-05-08,BATS,Tadeu Marroco,6036,44.26,267153.36,gt_100k,4b3d8cce60c6b70b
9555689,,2026-04-30,ULVR,Mairéad Nayager,5437,45.35,246567.95,gt_100k,15d37f2582c0cf93
9555689,,2026-04-30,ULVR,Richard Slater,5330,45.35,241715.5,gt_100k,91aa570d4ba45e8b
9380925,,2026-01-22,CHG,James Mortensen,44615,5.3634,239288.09,gt_100k,110923bce2f90f9c
9276622,,2025-12-04,PAG,Nigel Stewart Terrington,30280,7.84625,237584.45,gt_100k,3c3ad2e35d18df93
9549626,,2026-04-30,MAB1,Mortgage Advice Bureau,40489,5.2335,211899.18,gt_100k,ad534ac352f68e6b
8950304,,2025-06-25,VOD,Margherita della Valle,251374,0.7658,192502.21,gt_100k,92f4d31ad07c458b
9476476,https://www.investegate.co.uk/announcement/rns/bunzl--bnzl/director-pdmr-shareholding/9476476,2026-03-16,BNZL,Richard Howes,8267,22.99,190058.33,gt_100k,6a72a1d172cdc353
9215033,,2025-11-03,ASAI,Rob Keijsers,121286,1.5001772669557905,181950.5,gt_100k,0fef7e81b73b4508
8863393,https://www.investegate.co.uk/announcement/rns/the-artisanal-spirits-company--art/director-pdmr-shareholding/8863393,2025-05-02,ART,Douglas Aitken,4000,44.7,178800.0,gt_100k,c010a431465c7900
9555689,,2026-04-30,ULVR,Priya Nair,3886,45.35,176230.1,gt_100k,cd6ac598435b22f5
9224318,,2025-11-05,ACSO,Long Path Partners,50000,3.51,175500.0,gt_100k,238e89cdef99b05f
9192754,,2025-10-22,PRU,Anil Wadhwani,1593,104.6,166627.8,gt_100k,1e084337e8ec2a06
9555689,,2026-04-30,ULVR,Willem Uijen,3640,45.35,165074.0,gt_100k,78d8559dbfdf0b19
9295769,,2025-12-11,VLX,Dave Webster,39321,4.0716,160099.38,gt_100k,2e81619e5d1c3bb2
9212264,,2025-11-03,BWY,Jason Honeyman,5839,26.36,153916.04,gt_100k,195e6a8b5eea0a30
9276622,,2025-12-04,PAG,Richard James Woodman,18436,7.84625,144653.46,gt_100k,3c3006c0bc1c9489
9402551,https://www.investegate.co.uk/announcement/rns/volex--vlx/director-pdmr-shareholding/9402551,2026-01-28,VLX,John Molloy,31620,4.5513,143912.11,gt_100k,47350ba95779dca6
9443063,,2026-02-20,RKT,Kris Licht,2109,64.61933,136282.17,gt_100k,6ef28795c4795a0f
9555689,,2026-04-30,ULVR,Eduardo Campanella,2901,45.35,131560.35,gt_100k,033d3bbdb3f96912
9285232,https://www.investegate.co.uk/announcement/rns/paragon-banking-group--pag/director-pdmr-shareholding/9285232,2025-12-09,PAG,Richard James Woodman,15000,8.082991199999999,121244.87,gt_100k,a1f643ef0f0e2d02
9223018,,2025-11-07,ASAI,Hanny Kemna,80000,1.4975,119800.0,gt_100k,7dfeeab41cb3a1a6
8965107,,2025-07-02,STB,Mary Hartley,13847,8.62,119361.14,gt_100k,2e9a3ec9e4b52f87
9079737,,2025-08-28,CTEC,Jonny Mason,50000,2.3481,117405.0,gt_100k,e8c15751b21a2d1b
9035977,,2025-08-06,VOD,Christine Ramon,138055,0.8306,114668.48,gt_100k,c6462685b28a0a5c
9487923,,2026-03-23,SMIN,Alister Cowan,5000,22.681,113405.0,gt_100k,db1654bb1355581a
9490111,,2026-03-19,BA,Karin Hoeing,4860,23.0295,111923.37,gt_100k,f1689319053daddf
9490111,,2026-03-19,BA,Gabrielle Costigan,4739,23.0295,109136.8,gt_100k,7e311655879193d6
8875035,,2025-05-12,PTEC,Chris McGinnis,31355,3.412116,106986.9,gt_100k,26ad68c844024cd6
9123250,,2025-09-22,WIL,Gordon Hurst,30000,3.4875,104625.0,gt_100k,db545a8887bcc91d
9123377,,2025-09-22,WIL,Gordon Hurst,30000,3.4875,104625.0,gt_100k,db545a8887bcc91d
9587725,,2026-05-26,CTEC,Jonny Mason,50000,2.01169,100584.5,gt_100k,48aa6fb0480fdf0c
9479261,,2026-03-17,TAM,Paul Edwards,17855,5.6,99988.0,25k_100k,1198f4b2471e8afa
9290417,,2025-12-11,BCG,Edmund Warren Williams,52691,1.88829,99495.89,25k_100k,4dc0bc93f38de55a
9291031,,2025-12-11,BCG,Edmund Warren Williams,52691,1.88829,99495.89,25k_100k,4dc0bc93f38de55a
9339202,,2026-01-06,STB,Ian Corfield,7674,12.9644,99488.81,25k_100k,1f456aa0cdde4a54
8945417,,2025-06-24,BNZL,Peter Ventress,4172,23.846693,99488.4,25k_100k,c80431ab1d4714a1
9339202,,2026-01-05,STB,Ian Corfield,7795,12.7626,99484.47,25k_100k,dffe93df8448ee03
9434776,,2026-02-16,TRI,Iain Percival,123757,0.8,99005.6,25k_100k,8c061e153d38d488
9494318,,2026-03-24,PRV,Hooman Caman Javvi,14143,7.0,99001.0,25k_100k,5bbd0e0f42924d00
9490111,,2026-03-19,BA,Simon Barnes,4148,23.0295,95526.37,25k_100k,89a591986acfc11b
9013679,,2025-07-29,RKT,Jeremy Darroch,1652,56.49,93321.48,25k_100k,bb1bbb1517961a6f
9490111,,2026-03-19,BA,Julian Cracknell,4019,23.0295,92555.56,25k_100k,5928d6da1aa631df
9490111,,2026-03-19,BA,Tania Gandamihardja,4019,23.0295,92555.56,25k_100k,350e04654f57a1a2
9490111,,2026-03-19,BA,Edward Gelsthorpe,4019,23.0295,92555.56,25k_100k,94f56b8f694279b8
8950304,,2025-06-25,VOD,Alberto Ripepi,119568,0.7658,91565.17,25k_100k,376938c2fdf1917b
9291375,,2025-12-10,DSCV,Bruce Thompson,15000,6.053333333333334,90800.0,25k_100k,ed10b44ea9007069
9104871,,2025-05-14,IAG,Lynne Embleton,27368,3.184,87139.71,25k_100k,cd0c6b2fd6332cc1
9212264,,2025-11-03,BWY,Simon Scougall,3241,26.36,85432.76,25k_100k,327d309fefcbd518
9251881,,2025-11-21,COIL,Darrin Disley,5000000,0.017,85000.0,25k_100k,4d1c9d2f3215bf34
8950304,,2025-06-25,VOD,Maaike de Bie,109599,0.7658,83930.91,25k_100k,b2aaab66e4d14d64
8950304,,2025-06-25,VOD,Scott Petty,106673,0.7658,81690.18,25k_100k,f9eea14629c67c8b
9490111,,2026-03-19,BA,Caitlin Hayden,3481,23.0295,80165.69,25k_100k,43effbe98a88485e
9465832,,2026-03-09,AJAX,Ippolito Cattaneo,1874500,0.04,74980.0,25k_100k,95257f3f2c097cb5
9039330,,2025-08-06,MTO,Peter Dickinson,48883,1.453422,71047.63,25k_100k,f509bbdc27dcf436
8929642,,2025-06-12,PTEC,Vanessa Penrose,22500,3.135,70537.5,25k_100k,8d5875c0a947d949
9490111,,2026-03-19,BA,Glynn Phillips,2993,23.0295,68927.29,25k_100k,1666dea41870aabb
9226250,,2025-11-07,BATS,Luciano Comin,1657,41.49623,68759.25,25k_100k,3e284b7964ae3a3f
9029314,,2025-08-01,BATS,Luciano Comin,1648,41.10106,67734.55,25k_100k,9bb32bfc41c68284
9555689,,2026-04-30,ULVR,Srinivas Phatak,1459,45.35,66165.65,25k_100k,2956de1dbfa57567
9073886,,2025-08-22,HAS,Dirk Hahn,100000,0.640841,64084.1,25k_100k,95d1818496529244
8903880,,2025-05-29,SOHO,Benedict Luke Green,90096,0.6985,62932.06,25k_100k,2cd3c0b0b72a57f8
9241902,,2025-11-17,GEN,Kevin Boyd,20000,3.117434,62348.68,25k_100k,3c4ff05903427db1
8871211,,2025-05-08,ACG,Sarah Azra Coles,14350,4.32,61992.0,25k_100k,19918616b06df83e
8867862,https://www.investegate.co.uk/announcement/rns/prudential--pru/director-pdmr-shareholding/8867862,2025-05-06,PRU,Anil Wadhwani,127686,0.48,61289.28,25k_100k,72a60a634ea47553
8950304,,2025-06-25,VOD,Marika Auramo,79128,0.7658,60596.22,25k_100k,2bd0d5d3f7dc1dec
9428007,,2026-02-10,VOD,Joakim Reiter,52297,1.14083,59661.99,25k_100k,7d8578f8f6ee90c2
9568617,,2026-05-13,VOD,Simon Segars,50000,1.14365,57182.5,25k_100k,78f1d18739a3b116
8871014,,2025-05-07,BATS,Luciano Comin,1680,33.2112,55794.82,25k_100k,4cfba6951de1ccdc
9119384,,2025-09-18,NXT,Amy Stirling,472,116.33549,54910.35,25k_100k,790cdbbc3072ac9b
9259999,,2025-11-25,SUPR,Nick Hewson,70000,0.78,54600.0,25k_100k,9e8199c6cedfb596
9258629,,2025-11-25,TBTG,Andrew Showman,19510,2.79803,54589.57,25k_100k,3e012f39d9e6d6d7
9258629,,2025-11-25,TBTG,Simon Cooper,19510,2.79803,54589.57,25k_100k,ffd4c89bea157b45
9005847,,2025-07-25,DOCS,Giles Wilson,63866,0.848138,54167.18,25k_100k,b720706964ba3b04
9035977,,2025-08-06,VOD,Joakim Reiter,62193,0.84696,52674.98,25k_100k,550d0a911c81cdbc
9282607,,2025-12-05,UTG,Joe Lister,10000,5.264500000000001,52645.0,25k_100k,984217af98ccf68f
8908145,,2025-05-29,RKT,Kris Licht,1063,49.46445,52580.71,25k_100k,5524d7bf16aff596
9008057,,2025-07-28,MERC,Martin Glanfield,157475,0.33240000000000003,52344.69,25k_100k,a14b906009f6b47a
9282607,,2025-12-05,UTG,Michael Burt,10000,5.2224,52224.0,25k_100k,b1afc0c537a3cc3f
9564403,,2026-05-08,CNA,Alessandra Pasini,26000,2.0061,52158.6,25k_100k,9d5524f81a13651b
8945417,,2025-06-23,BNZL,Jacqueline Simmonds,2200,23.278,51211.6,25k_100k,ca2413890bd68283
9568475,,2026-05-13,UKW,Lucinda Riches,50000,1.01657,50828.5,25k_100k,741b9c4f62cb0884
9580768,,2026-05-20,QLT,Andrew Ross,27100,1.85903,50379.71,25k_100k,741c3c65a06326c1
9583912,,2026-05-22,AUTO,Megan Siegler (known As Megan Quinn),10900,4.62,50358.0,25k_100k,780d7436ded7150f
9583912,,2026-05-22,AUTO,Matthew Siegler,10900,4.62,50358.0,25k_100k,eec058f2a1ba1116
9587725,,2026-05-26,CTEC,Fiona Ryder,24993,2.00071,50003.75,25k_100k,98beae2d438fc17b
9149876,,2025-10-03,VLG,Mark Adams,88999,0.5618,49999.64,25k_100k,dc4852e94d6bcdd8
9239099,,2025-11-14,QLT,Chris Hill,28224,1.771525,49999.52,25k_100k,ada7fbb971d8dd7c
8971865,,2025-07-09,STB,Ian Corfield,5646,8.855,49995.33,25k_100k,f7877b35e0c0b2f9
9500361,,2026-03-27,STB,Ian Corfield,4054,12.268631,49737.03,25k_100k,e85e383b27e282b4
9583912,,2026-05-22,AUTO,Adam Jay,10846,4.5855,49734.33,25k_100k,48ca22e88e0cc696
8971865,,2025-07-08,STB,Ian Corfield,5641,8.8164,49733.31,25k_100k,24f2a473ef2724b5
9445162,,2026-02-20,PRV,Hooman Caman Javvi,5934,8.36,49608.24,25k_100k,c4123972e6aa6f34
9499232,,2026-03-30,NET,James Platt,50000,0.9840000000000001,49200.0,25k_100k,f17e67d318a1f4b7
9123508,,2025-09-18,RKT,Kris Licht,845,57.09966,48249.21,25k_100k,011a84000c69b66f
9226250,,2025-11-07,BATS,Michael Dijanosic,1159,41.49623,48094.13,25k_100k,8da260c4ae5b692e
9550762,,2026-05-01,EMAN,Charles Dorfman,144000,0.33,47520.0,25k_100k,b513a8197eb55330
8922405,,2025-06-09,SVT,Richard Mark Taylor,1800,26.36,47448.0,25k_100k,67dc405c140e58f7
9029314,,2025-08-01,BATS,Michael Dijanosic,1153,41.10106,47389.52,25k_100k,26ea70d898ac8c10
9100030,,2025-09-10,WINE,Jack Pailing,58810,0.7958,46801.0,25k_100k,b7644d24f03fe501
9101708,https://www.investegate.co.uk/announcement/rns/naked-wines--wine/correction-director-pdmr-dealing/9101708,2025-09-10,WINE,Jack Pailing,58810,0.7958,46801.0,25k_100k,b7644d24f03fe501
9158745,,2025-10-08,JDW,Harry Morley,7500,6.235,46762.5,25k_100k,77e9ee83a853d354
9573902,,2026-05-18,ECEL,William Truman,43662,1.07,46718.34,25k_100k,8c6dbd9c85ef28b5
9471693,,2026-03-11,UU,Jane Simpson,3461,13.2327,45798.37,25k_100k,811d3f8fe733cfc8
9490111,,2026-03-19,BA,Andrea Thompson,1920,23.0295,44216.64,25k_100k,d537d1d4e951c4e7
9443065,,2026-02-20,MTO,Peter Dickinson,23560,1.834019,43209.49,25k_100k,38ca2ee1d6e9b112
8939162,,2025-06-19,ONDO,Andrew Morrison,200000,0.215,43000.0,25k_100k,9e4115bad633b8dd
8914998,,2025-06-02,BA,Bradley Greve,2222,19.312,42911.26,25k_100k,eea5cda6661c48ff
9501196,,2026-03-30,QLT,Ruth Markland,25000,1.701,42525.0,25k_100k,c072ef020b7d5ba0
9485098,,2026-03-19,GEN,Joe Vorih,15000,2.81439,42215.85,25k_100k,4e8900a6daef5b03
9560133,,2026-05-07,BATS,Fred Monteiro,960,42.96682,41248.15,25k_100k,ae0b70628b01173e
8967284,,2025-07-07,VLG,Paul McGreevy,66776,0.5989983227506889,39998.71,25k_100k,67165c7425bd2f0e
9053935,,2025-08-14,BEZ,Anthony John Reizenstein,5089,7.859500000000001,39997.0,25k_100k,142982c0f87d95c5
8922405,,2025-06-09,SVT,Anthony Nicholas Seymour Hampton,1500,26.4,39600.0,25k_100k,f275cf4d44443886
9145145,,2025-10-01,XPS,Martin Sutherland,11658,3.3539999999999996,39100.93,25k_100k,77d53b1ed4b90892
9259999,,2025-11-25,SUPR,Roger Blundell,50000,0.78,39000.0,25k_100k,cf67fac6f158c055
8871014,,2025-05-07,BATS,Michael Dijanosic,1125,33.2112,37362.6,25k_100k,941bc29e0ed1ee5b
9463205,,2026-03-06,MWY,David Kidd,5000,7.422157,37110.79,25k_100k,37cdaf53bd987cd0
9017472,,2025-07-30,BARC,Nigel Higgins,9892,3.709,36689.43,25k_100k,21775190c691e379
8965654,,2025-07-04,COIL,Stephen West,2400000,0.015,36000.0,25k_100k,b87de2eec718dff1
8952502,,2025-06-27,BRBY,Mrs Catherine Ferry,3228,10.99794,35501.35,25k_100k,2572617bd36d2ae4
9567586,,2026-05-12,FLTR,Carolan Lennon,520,68.142923,35434.32,25k_100k,93ec019393d61655
8953612,,2025-06-26,ONDO,Craig Foster,163537,0.2125,34751.61,25k_100k,a0079755efd3cb59
9049609,,2025-08-04,DSCV,Simon Gibbins,4947,6.710499999999999,33196.84,25k_100k,1d3eac27bb9dd828
9575853,,2026-05-19,BYG,Michael O'Donnell,4000,8.27398,33095.92,25k_100k,cf610b4fb82e5dc8
9435226,,2026-02-16,THX,Adrian Coates,39700,0.8276,32855.72,25k_100k,a09a955212243f12
9415065,,2026-02-04,BATS,Fred Monteiro,699,45.6229,31890.41,25k_100k,e05ec930b6c2e42d
9480483,,2026-03-17,RKW,Richard Staveley,11727,2.71125,31794.83,25k_100k,94eda6ee81c3079b
9008057,,2025-07-28,MERC,Jocelyne Bath,97570,0.3245,31661.47,25k_100k,489fa6cea4edc954
9226250,,2025-11-07,BATS,Fred Monteiro,757,41.49623,31412.65,25k_100k,cce164570247bd7c
9241902,,2025-11-17,GEN,Dina Dasani,10000,3.125778,31257.78,25k_100k,9cb401cfdbdd0943
9029314,,2025-08-01,BATS,Fred Monteiro,753,41.10106,30949.1,25k_100k,d692a633f8e47da4
9244528,,2025-03-19,DPLM,Geraldine Huse,750,39.97,29977.5,25k_100k,2421c5f1da9549bd
9580463,,2026-05-21,TMG,John Carey,175587,0.17,29849.79,25k_100k,49549cbb393ada9e
9258629,,2025-11-25,TBTG,Laurence Newman,10642,2.79803,29776.64,25k_100k,6173184b56933136
9164079,,2025-10-09,RR,Angela Strank,2578,11.548,29770.74,25k_100k,6b60558a7fadb94d
9013679,,2025-07-28,RKT,Mahesh Madhavan,510,56.3,28713.0,25k_100k,c7052c2a25f7de08
9064213,,2025-08-15,CMCX,Matthew Lewis,12545,2.287,28690.41,25k_100k,734403842766e5fb
9013679,,2025-07-28,RKT,Fiona Dawson,509,56.19,28600.71,25k_100k,d7a8063c1ce1a36a
9279499,,2025-12-03,BA,Bradley Greve,1741,16.314,28402.67,25k_100k,77f3c707accfca4e
9141937,,2025-06-09,HSX,Paul Cooper,2266,12.37,28030.42,25k_100k,1030766c809c391c
9428007,,2026-02-10,VOD,Jean- François van Boxmeer,23785,1.14,27114.9,25k_100k,5735837c4627f8b4
9469921,https://www.investegate.co.uk/announcement/rns/bunzl--bnzl/director-pdmr-shareholding/9469921,2026-03-10,BNZL,Dale Stokes,1193,22.395989,26718.41,25k_100k,225b94e3eda7726d
8871014,,2025-05-07,BATS,Fred Monteiro,784,33.2112,26037.58,25k_100k,794072a7422ddcdb
9137563,,2025-09-29,PAG,Nigel Stewart Terrington,3030,8.5664,25956.19,25k_100k,bb424b1e0c7ebd8f
9564381,,2026-05-12,SRAD,Martyn Coffey,19722,1.3148,25930.49,25k_100k,8eafe1c5e4f32ed0
9560133,,2026-05-07,BATS,David Waterfield,603,42.96682,25908.99,25k_100k,c1993b3f7c4e79f8
9445055,,2026-02-24,NAS,Fiona Gilbert,7000,3.6994,25895.8,25k_100k,1c9ba643e8d76d5a
8954832,,2025-06-30,PAG,Nigel Stewart Terrington,2753,9.4057,25893.89,25k_100k,24c82b1c52c5273a
9123852,,2025-09-19,RR,Nikki Grady-Smith,2251,11.48,25841.48,25k_100k,2816c32a307e6f49
9005847,,2025-07-25,DOCS,Ije Nwokorie,29827,0.848138,25297.41,25k_100k,74a2bcf636230d81
9068744,,2025-08-21,AJAX,Richard Heywood,587544,0.04255,25000.0,25k_100k,dfde87d5774aa879
9503940,,2026-04-01,GHV1,Maurice Helfgott,40863,0.6118,24999.98,1k_25k,cc95e5955b135d19
9583912,,2026-05-22,AUTO,Geeta Gopalan,5521,4.5278,24997.98,1k_25k,67b0f6a6c49a26e8
9239099,,2025-11-14,QLT,Alison Morris,13857,1.795,24873.31,1k_25k,78758fd476c5e00c
9583912,,2026-05-22,AUTO,Jasvinder Gakhal,5554,4.478,24870.81,1k_25k,f322453e7e0eed90
9562926,,2026-05-11,ONT,Nicholas Keher,22018,1.1294,24867.13,1k_25k,6eb2150a9cda71aa
9430377,,2026-02-11,AVON,Steve Elwell,1478,16.81081,24846.38,1k_25k,c3ed8c1d9689985a
8901209,,2025-05-09,TW,Jennie Daly,20606,1.189891,24518.89,1k_25k,c5341154ce914986
9499232,,2026-03-30,NET,James Ormondroyd,25000,0.9690000000000001,24225.0,1k_25k,2d661f88f1c18ae7
8929642,,2025-06-12,PTEC,Ian Penrose,7500,3.135,23512.5,1k_25k,55d13875c6955fe8
9595811,,2026-05-28,RKT,Stefan Oschmann,490,47.27,23162.3,1k_25k,d1fd5f77220257b3
9006990,,2025-07-25,TRI,Serena Lang,31184,0.72,22452.48,1k_25k,c3866a7ef4d04263
9247414,,2025-11-19,YNGA,Simon Dodd,3398,6.47,21985.06,1k_25k,5d7fbcc775d849e1
9247414,,2025-11-19,YNGA,Simon Dodd,3398,6.47,21985.06,1k_25k,5d7fbcc775d849e1
9347936,,2026-01-08,CMCX,Matthew Lewis,6970,3.13,21816.1,1k_25k,4f951de23d9c02c7
9241920,,2025-11-14,TW,Jennie Daly,20913,1.0163710000000001,21255.37,1k_25k,56b0c901ce532103
9465832,,2026-03-09,AJAX,Ippolito Cattaneo,264146,0.08,21131.68,1k_25k,c5444ed279eac0bb
9573902,,2026-05-18,ECEL,Nicola Vitale,20205,1.04,21013.2,1k_25k,269375fc26ae8aa1
9146171,,2025-10-01,XAR,Mr Ben Stocks,16114,1.285,20706.49,1k_25k,413d3dc8ebf741c2
9155716,,2025-10-07,SDY,Paul Rayner,71500,0.286475,20482.96,1k_25k,b1d07675258e5b55
9520056,,2026-04-13,CBG,Kari Hale,5017,4.06,20369.02,1k_25k,e29fab626170f815
9445055,,2026-02-24,NAS,Mhairi Jane Davidson Gilbert,5500,3.6993,20346.15,1k_25k,a1f307ef909061de
8881077,https://www.investegate.co.uk/announcement/rns/personal-group-holdings--pgh/director-pdmr-dealings-/8881077,2025-05-15,PGH,Sarah Mace,6927,2.915,20192.21,1k_25k,da61bc31ac4299ad
9480483,,2026-03-17,RKW,Suzanne Staveley,7434,2.7108,20152.09,1k_25k,3798309baa1f9c68
9580463,,2026-05-19,TMG,David Zwirn,144000,0.1399,20145.6,1k_25k,fa62c7c29fd3c695
9571738,,2026-05-15,KIE,Alison Thomas,9860,2.028396,19999.98,1k_25k,d781e99eeff752d7
9566435,,2026-05-12,RWA,Andrew Rashbass,21739,0.92,19999.88,1k_25k,94704ee806c92458
9571738,,2026-05-15,KIE,Megan Thomas,9832,2.03402,19998.48,1k_25k,c501f9cf4b5802c4
9592854,,2026-05-29,NIOX,James Duncan,34127,0.586,19998.42,1k_25k,e1f5dbf724418290
9583912,,2026-05-21,AUTO,Jamie Warner,4377,4.5687,19997.2,1k_25k,236bc8a8c3628caa
8886038,https://www.investegate.co.uk/announcement/rns/personal-group-holdings--pgh/director-pdmr-shareholding/8886038,2025-05-16,PGH,Paula Constant,6958,2.8734,19993.12,1k_25k,782fc04cd3565a80
9530867,,2026-04-20,NIOX,Sharon Emms,34539,0.5788,19991.17,1k_25k,33a344eebe0e29a6
8870655,,2025-05-08,LORD,Sheena Mackay,64695,0.309,19990.76,1k_25k,aebefd128ae8dfda
9587726,,2026-05-27,YNGA,Simon Dodd,2574,7.765,19987.11,1k_25k,520ca7b0b95c5a6e
9587726,,2026-05-27,YNGA,Simon Dodd,2574,7.765,19987.11,1k_25k,520ca7b0b95c5a6e
9241920,,2025-11-14,TW,Chris Carney,19655,1.0163710000000001,19976.77,1k_25k,debb852f624e436d
9571738,,2026-05-15,KIE,Amy Thomas,9831,2.03081,19964.89,1k_25k,327ef3c6a8663b9c
9415065,,2026-02-04,BATS,David Waterfield,437,45.6229,19937.21,1k_25k,5545b8135412b0fe
9520056,,2026-04-14,CBG,Martin Williams,4705,4.23,19902.15,1k_25k,0b26c5551718e595
9070701,https://www.investegate.co.uk/announcement/rns/oxford-biomedica--oxb/pdmr-dealings/9070701,2025-08-11,OXB,Kay Davies,4563,4.36,19894.68,1k_25k,f5708a0f4762500e
9537619,,2026-04-23,BWY,Simon Scougall,996,19.92,19840.32,1k_25k,2eb0ba9e06994650
9226250,,2025-11-07,BATS,David Waterfield,473,41.49623,19627.72,1k_25k,b2979233e15826db
9029314,,2025-08-01,BATS,David Waterfield,471,41.10106,19358.6,1k_25k,841bb15a4912262e
8901209,,2025-05-09,TW,Chris Carney,16133,1.189891,19196.51,1k_25k,50d65444e61042f6
9073886,,2025-08-22,HAS,Dirk Hahn,30000,0.6398497,19195.49,1k_25k,b0aaf3039e79b0f9
9138277,,2025-09-29,SYS1,James Gregory,7500,2.55,19125.0,1k_25k,5ce3aa4941b0412c
9027132,https://www.investegate.co.uk/announcement/rns/ig-design-group--igr/pdmr-dealing/9027132,2025-08-04,IGR,John Gittins,30000,0.6369,19107.0,1k_25k,620ebcbe34828457
9016192,,2025-07-28,RKT,Stefan Oschmann,330,56.06,18499.8,1k_25k,ab7989335bcbe0fa
9278836,https://www.investegate.co.uk/announcement/rns/aviva--av./director-pdmr-shareholding/9278836,2025-12-02,AV.,Mark Versey,5357,3.36,17999.52,1k_25k,aedbfdb17edad42d
9017472,,2025-07-30,BARC,Brian Gilvary,4640,3.709,17209.76,1k_25k,d3959b7867e6dc12
9595811,,2026-05-28,RKT,Elane Stock,360,47.59,17132.4,1k_25k,a96fc04a918849d7
9461003,,2026-03-05,TST,Lynden Jones,24600,0.69,16974.0,1k_25k,662a5917107285d7
8967067,,2025-07-04,MKS,S Berendji,4892,3.44043,16830.58,1k_25k,052a229a5401fba5
8880724,,2025-05-13,MNG,Benoît Macé,7609,2.186,16633.27,1k_25k,aef6d4a7bb6a119f
9016192,,2025-07-30,RKT,Tamara Ingram,293,56.26,16484.18,1k_25k,86bbe193b17b7e88
9137563,,2025-09-29,PAG,Richard James Woodman,1914,8.5664,16396.09,1k_25k,517b2ddb363382b1
9029303,,2025-08-04,BATS,Tadeu Marroco,396,41.31,16358.76,1k_25k,d9f347468560724c
8954832,,2025-06-30,PAG,Richard James Woodman,1739,9.4057,16356.51,1k_25k,753e2fc6bec3dc07
9587536,,2026-05-26,GEN,Britta Giesen,6300,2.596,16354.8,1k_25k,94043fef837afde3
9393521,,2026-01-26,DSCV,Simon Gibbins,2601,6.226,16193.83,1k_25k,dd291b6dba830218
9013679,,2025-07-28,RKT,Marybeth Hays,277,58.35,16162.95,1k_25k,93029967dd3f07e8
9013679,,2025-07-28,RKT,Elane Stock,285,56.63,16139.55,1k_25k,7d04a9f0fce7afb9
9560133,,2026-05-07,BATS,Kingsley Wheaton,371,42.96682,15940.69,1k_25k,203a46d05a9db56f
9046467,,2025-08-11,MSLH,Matthew Pullen,7734,2.06,15932.04,1k_25k,698f22ead509a170
9560129,,2026-05-08,BATS,Tadeu Marroco,371,42.86,15901.06,1k_25k,03c993b99ac72724
9013679,,2025-07-28,RKT,Andrew Bonfield,280,56.28,15758.4,1k_25k,11e2ed6bf4fc2fbc
9351189,,2026-01-13,IHP,Euan Marshall,4500,3.4997,15748.65,1k_25k,e81e5de5578f51e7
9351189,,2026-01-13,IHP,Elisabeth Grey-Davies,4500,3.497,15736.5,1k_25k,e72e182f27db4d99
9595811,,2026-06-01,RKT,Marybeth Hays,340,45.85,15589.0,1k_25k,378c518d1bbb6a44
9013679,,2025-07-29,RKT,Margherita della Valle,267,56.49,15082.83,1k_25k,3ad0509f66966344
8857967,,2025-05-01,AFC,Karl Bostock,193374,0.0775,14986.49,1k_25k,77df5f3fa9a92ec5
9580463,,2026-05-21,TMG,Claudine Collins,87793,0.17,14924.81,1k_25k,0052eb5c00d6df75
9595811,,2026-05-28,RKT,Andrew Bonfield,315,47.25,14883.75,1k_25k,18404a4bf56ad94e
8987313,,2025-07-17,IHP,Elisabeth Grey-Davies,4000,3.68019,14720.76,1k_25k,f6a4467dcce14a26
8871014,,2025-05-07,BATS,David Waterfield,432,33.2112,14347.24,1k_25k,b624989e261b1af9
9447395,,2026-02-25,CNA,Frank Mastiaux,7544,1.9014,14344.16,1k_25k,324ef74046a7a593
9017472,,2025-07-30,BARC,Mary Francis,3752,3.709,13916.17,1k_25k,2e458f51013dca66
9153471,,2025-10-06,SDY,Dina Dasani,49500,0.278,13761.0,1k_25k,618cef616ee2e53b
9141937,,2025-09-23,HSX,Paul Cooper,1067,12.86,13721.62,1k_25k,5455fa847613cf53
9428396,,2026-02-12,IHP,Elisabeth Grey-Davies,4000,3.3909,13563.6,1k_25k,17d656339c2185ec
8871211,,2025-05-08,ACG,Brendan Douglas Coles,3128,4.31,13481.68,1k_25k,9e5217cb713552f3
8871211,,2025-05-08,ACG,Arthur Raymond Coles,3120,4.32,13478.4,1k_25k,892dd9d0f35afc1e
9367684,,2026-01-19,ZPHR,Tom Reynolds,466667,0.0282,13160.01,1k_25k,1a8cc8092d4506bf
8900939,,2025-05-27,SVT,Robert Stear,546,23.07,12596.22,1k_25k,70b49513fd6b7497
8989877,https://www.investegate.co.uk/announcement/rns/transense-technologies--trt/director-pdmr-shareholding-acquisition-of-shares/8989877,2025-07-21,TRT,Ryan Maughan,8710,1.4340000000000002,12490.14,1k_25k,aaf6f613708486cd
9145144,,2025-10-01,AEG,James Voce,11928988,0.001037,12370.36,1k_25k,b50fdb8d7b9c038b
9443063,,2026-02-20,RKT,Shannon Eisenhardt,189,64.61933,12213.05,1k_25k,6aa7e6f16db1c1d1
8995200,,2025-07-23,MTU,Catriona Hoare,11920,1.0221,12183.43,1k_25k,a65f84b8db4ba019
9259999,,2025-11-26,SUPR,Michael Perkins,15089,0.79149,11942.79,1k_25k,bae413412294a882
9426353,,2026-02-10,BT.A,Sara Weller,5932,2.01,11923.32,1k_25k,ba6c9c797e3fa7d4
9197160,,2025-10-23,ASAI,Rob Keijsers,6620,1.8,11916.0,1k_25k,eea7956321a81c45
9443388,,2026-02-19,ASAI,Geert Embrechts,5500,2.12,11660.0,1k_25k,63777b594a262d93
9513416,,2026-04-08,CBG,Sally Williams,2514,4.548,11433.67,1k_25k,17beca7b46f286ae
9017472,,2025-07-30,BARC,Dawn Fitzpatrick,2999,3.709,11123.29,1k_25k,6729e9ef317ab566
9017472,,2025-07-30,BARC,Brian Shea,2931,3.709,10871.08,1k_25k,ce5fedf8ee760d03
9553147,,2026-04-30,MNG,Louise Shield,3529,3.0489,10759.57,1k_25k,a00cad77eba28c81
9029314,,2025-08-01,BATS,Javed Iqbal,257,41.10106,10562.97,1k_25k,79a21de211486f02
9580463,,2026-05-20,TMG,Jon Kempster,68852,0.15259999999999999,10506.82,1k_25k,465da1a79c03daeb
8908833,https://www.investegate.co.uk/announcement/rns/thor-explorations-ltd-di---thx/director-pdmr-dealing/8908833,2025-05-30,THX,Adrian Coates,29032,0.36146999999999996,10494.2,1k_25k,a250978eba4445f7
9587536,,2026-05-26,GEN,Tim Pullen,4000,2.591496,10365.98,1k_25k,b121bc074945775c
9461491,,2026-03-05,TAM,Lothar Mentel,1757,5.899,10364.54,1k_25k,065500247b7912d5
8863486,,2025-05-06,AFC,John Wilson,111978,0.0922,10324.37,1k_25k,431847dfb968d076
8967276,,2025-07-07,MTU,Barbara Powely,10000,1.02923,10292.3,1k_25k,1a29522de098516d
8958358,,2025-07-01,MTO,Derek Mapp,7235,1.413387,10225.85,1k_25k,6951120f2e0de289
9044164,,2025-08-11,MSLH,Alison Lockwood,5000,2.03,10150.0,1k_25k,ed490b3031aabb78
9494341,,2026-03-26,PROC,Meg Lustman,30617,0.33,10103.61,1k_25k,f7260426c2a3d5f4
9550762,,2026-05-01,EMAN,Sheree Manning,30395,0.32899999999999996,9999.95,1k_25k,13b5a909364b8cb3
9390343,,2026-01-27,BGO,Matthew Wilson,12755,0.784,9999.92,1k_25k,4cae69b90bfbc007
9503940,,2026-04-01,GHV1,Nemone Wynn-Evans,16345,0.6118,9999.87,1k_25k,2942ecdd12a069d7
9053935,,2025-08-14,BEZ,Anthony John Reizenstein,1272,7.8591999999999995,9996.9,1k_25k,ba61539e6aca283e
9395904,,2026-01-23,TAM,Judith Hogarth,1528,6.542399999999999,9996.79,1k_25k,94fea24517dd702d
8885948,,2024-08-27,WISE,Matthew Peacock,1394,7.169225,9993.9,1k_25k,0721b2cd2f68cbc5
9473884,https://www.investegate.co.uk/announcement/rns/transense-technologies--trt/director-pdmr-shareholding-acquisition-of-shares/9473884,2026-03-13,TRT,Ryan Maughan,14113,0.708,9992.0,1k_25k,953696c2a72abdbc
9587726,,2026-05-26,YNGA,Tracy Dodd,1556,6.42,9989.52,1k_25k,5067046a5e0a17f7
9587726,,2026-05-26,YNGA,Tracy Dodd,1556,6.42,9989.52,1k_25k,5067046a5e0a17f7
8913038,,2025-06-04,EMVC,Dr I Lian Iliev,24516,0.4074,9987.82,1k_25k,ba99a1afdade704f
9267668,,2025-12-01,WYN,Alk Brand,2891,3.45,9973.95,1k_25k,77fbab14c32f6744
9267668,,2025-12-01,WYN,Rob Thomas,2891,3.45,9973.95,1k_25k,ea8b105c81fd93c9
9267668,,2025-12-01,WYN,Steven Esom,2891,3.45,9973.95,1k_25k,fa4fc2d4841f028f
9494318,,2026-03-24,PRV,James Mills,1433,6.936,9939.29,1k_25k,47a41d85e43bd965
9258629,,2025-11-25,TBTG,Sam Glynn,3548,2.79803,9927.41,1k_25k,2f0f3d4fcde95bf0
9017373,,2025-07-31,FDM,Jonathan Mark Heather,8224,1.204,9901.7,1k_25k,f7efe11e64264449
8955173,,2025-06-30,XAR,Paul James,7889,1.255,9900.69,1k_25k,c5c7520245bf5b4f
9097172,,2025-09-09,INCH,Adrian Lewis,1487,6.656802,9898.66,1k_25k,b2a383ea9e858adf
9097272,,2025-09-09,INCH,Adrian Lewis,1487,6.656802,9898.66,1k_25k,b2a383ea9e858adf
8971723,,2025-07-09,CWK,Yetunde Hofmann,190,52.078,9894.82,1k_25k,79f63366e91577c7
8953612,,2025-06-27,ONDO,Mark Wood,46000,0.215,9890.0,1k_25k,b9b44d215373232d
9017472,,2025-07-30,BARC,Julia Wilson,2648,3.709,9821.43,1k_25k,d7cef86f525bdab7
9499232,,2026-03-30,NET,Henrik Bang,10000,0.9677,9677.0,1k_25k,67af32038627744b
9415065,,2026-02-04,BATS,Javed Iqbal,205,45.6229,9352.69,1k_25k,03a1ba9688db95bf
9097172,,2025-09-09,INCH,Katy Lewis,1404,6.649,9335.2,1k_25k,10381ca57d8ced45
9097272,,2025-09-09,INCH,Katy Lewis,1404,6.649,9335.2,1k_25k,10381ca57d8ced45
9575427,,2026-05-15,TW,Chris Carney,11904,0.779997,9285.08,1k_25k,b7beaac5dee29530
8939183,,2025-06-17,RR,Adam Riddle,1057,8.782196,9282.78,1k_25k,6e2ac3644e392bea
9226250,,2025-11-07,BATS,Javed Iqbal,223,41.49623,9253.66,1k_25k,019f7fedd13bf372
9241902,,2025-11-17,GEN,Joe Vorih,3000,3.08,9240.0,1k_25k,dd71d05edbe0798e
9531316,,2026-04-16,RIO,Peter Cunningham,125,73.78339,9222.92,1k_25k,0f7104e1873f3b01
9017472,,2025-07-30,BARC,Robert Berry,2485,3.709,9216.86,1k_25k,ed39b0bef3c2d5a6
9241902,,2025-11-17,GEN,Martin Gisbourne,3000,3.002259,9006.78,1k_25k,7e73329d54dff817
8900939,,2025-05-27,SVT,Robert Stear,503,17.87,8988.61,1k_25k,d11c13dc50768d54
9571738,,2026-05-15,KIE,Jack Thomas,4405,2.03265,8953.82,1k_25k,6afabad74fa69763
9431051,,2026-02-11,BARC,Diony Lebot,1803,4.808,8668.82,1k_25k,0202204dcca79f17
9017472,,2025-07-30,BARC,Sir John Kingman,2325,3.709,8623.42,1k_25k,4e7d680abf0bbab6
9396534,,2026-01-29,ASAI,Rob Keijsers,4100,2.1,8610.0,1k_25k,6801102783fc07e9
9105346,,2025-09-11,ENRG,Patrick Firth,12000,0.70387,8446.44,1k_25k,1262fa5341446e8e
9291489,,2025-12-11,AJAX,Ippolito Cattaneo,106000,0.0775,8215.0,1k_25k,03e3da9ebc86e5cb
8939183,,2025-06-17,RR,Sarah Armstrong,923,8.782196,8105.97,1k_25k,983910623df5a56e
8922405,,2025-06-09,SVT,Thomas Auguste Read Delay,300,26.531939,7959.58,1k_25k,ba36dd7eb86223d3
9406830,,2026-02-03,PEEL,Billy Neve,6680,1.19,7949.2,1k_25k,fd411bb600d30d84
9567213,,2026-05-11,BREE,Clive Watson,2529,3.007,7604.7,1k_25k,233bc2da5a911182
9586155,,2026-05-22,BATS,Tadeu Marroco,173,43.71873935,7563.34,1k_25k,87f5fc0e5abe0e8a
9586155,,2026-05-22,BATS,Luciana Franco Do Amaral,173,43.71873935,7563.34,1k_25k,fff8004bc4536b7a
9123852,,2025-09-19,RR,Mark Gregory,657,11.48,7542.36,1k_25k,f6174627c0cfd0cf
9560133,,2026-05-07,BATS,James Murphy,174,42.96682,7476.23,1k_25k,3e9662d042ba9404
9433292,,2026-02-11,BATS,Tadeu Marroco,157,46.42130177,7288.14,1k_25k,6a9224721a17a059
9433292,,2026-02-11,BATS,Luciana Franco Do Amaral,157,46.42130177,7288.14,1k_25k,3af5fd92e740ce9d
9246278,,2025-11-13,BATS,Tadeu Marroco,170,42.2224150425,7177.81,1k_25k,bbd303929c7be2e7
9246278,,2025-11-13,BATS,Luciana Franco Do Amaral,170,42.2224150425,7177.81,1k_25k,7bc2ec3bf0050bc0
9054114,,2025-08-13,BATS,Tadeu Marroco,170,41.82032855,7109.46,1k_25k,be0aa433d9fbf31c
9054114,,2025-08-13,BATS,Luciana Franco Do Amaral,170,41.82032855,7109.46,1k_25k,d78ce737bab58a67
9241902,,2025-11-17,GEN,Tim Pullen,2300,3.0595,7036.85,1k_25k,95cec78def46002e
9123852,,2025-09-19,RR,Adam Riddle,610,11.48,7002.8,1k_25k,57b43107d59543c6
8876001,,2025-05-12,BATS,Tadeu Marroco,206,33.792396,6961.23,1k_25k,2f743e256e65c49c
8876001,,2025-05-12,BATS,Luciana Franco Do Amaral,206,33.792396,6961.23,1k_25k,54d6a3b5327e9397
9501218,,2026-03-30,TRI,Laura Whyte,11000,0.6305,6935.5,1k_25k,2bd53b85a18c7fcd
9562417,,2026-05-11,DGE,Sir John Manzoni,425,15.45,6566.25,1k_25k,c02f46cd0d4d46d8
9259267,,2025-11-26,ART,Gavin Hewitt,17647,0.34,5999.98,1k_25k,8fd0239d8a3966ea
9262173,https://www.investegate.co.uk/announcement/rns/the-artisanal-spirits-company--art/correction-director-pdmr-shareholding/9262173,2025-11-26,ART,Gavin Hewitt,17647,0.34,5999.98,1k_25k,8fd0239d8a3966ea
9017472,,2025-07-30,BARC,Diony Lebot,1616,3.709,5993.74,1k_25k,58596f62941b6d90
9567188,,2026-05-08,SHI,Pim Vervaat,72648,0.078,5666.54,1k_25k,c405c297669f63f8
9020574,,2025-08-01,SMIN,Karin Hoeing,242,23.398,5662.32,1k_25k,bbcf9b7ccd7d010c
9209204,,2025-11-03,SMIN,Karin Hoeing,224,25.22,5649.28,1k_25k,6db1755d4e473bfe
8857431,,2025-05-01,SMIN,Karin Hoeing,303,18.5889,5632.44,1k_25k,da700bd39e8ad439
9499237,,2026-03-30,STG,Matthew Taylor,25000,0.22,5500.0,1k_25k,49574f52866e4ff3
8900939,,2025-05-27,SVT,James Jesic,234,23.07,5398.38,1k_25k,085d1ca9db518466
9549611,,2026-05-01,SMIN,Simon Pryce,206,25.32,5215.92,1k_25k,a136636849023a56
9144559,,2025-10-01,XAR,Dr Inken Braunschmidt,4000,1.28,5120.0,1k_25k,36f9847d89d6b810
9146880,,2025-09-26,RIO,Peter Cunningham,104,48.69941,5064.74,1k_25k,e0afb42614aff1cb
9099665,,2025-09-10,AEG,Pankaj Rajani,5882353,0.0008500000000000001,5000.0,1k_25k,12a15440721603b7
9559220,,2026-05-06,NAS,Miss A M Moncreiffe,1359,3.679,4999.76,1k_25k,c2dd9d1f586b8718
9178928,,2025-10-14,MCJ,Man Bing Lee,2857,1.75,4999.75,1k_25k,c3c731e6b0c17dfc
9559220,,2026-05-07,NAS,Mr E Moncreiffe,1363,3.668,4999.48,1k_25k,3a2cdf2b55897498
9559220,,2026-05-06,NAS,Miss L L Moncreiffe,1361,3.6729,4998.82,1k_25k,d86270852050d1d3
9559220,,2026-05-06,NAS,Mr O Moncreiffe,1362,3.6686,4996.63,1k_25k,aa9525412241d5fe
9099665,,2025-09-10,AEG,Paul Elliott,5527000,0.0009,4974.3,1k_25k,c11156ae331f8598
9559220,,2026-05-06,NAS,Miss E M Moncreiffe,1347,3.6873,4966.79,1k_25k,a61530921e96dc7e
9146553,,2025-10-02,XAR,Ms Jacqueline Sutton,4107,1.20825,4962.28,1k_25k,31d344be8af3654e
9562623,,2026-05-08,REE,Harvey Sinclair,154995,0.032,4959.84,1k_25k,6f3cfbdf66eaa36c
8865631,,2025-05-07,AFC,Gary Bullard,49343,0.0962,4746.8,1k_25k,ab56b79e0ba604a0
8890893,,2025-05-20,DPLM,Katie Bickerstaffe,96,49.288854166666674,4731.73,1k_25k,fbf956d20769a2b2
9173296,,2025-10-10,TRI,I Ain Percival,5619,0.8220000000000001,4618.82,1k_25k,af8a1a7a2b5d5f57
9190820,,2025-10-10,TRI,I Ain Percival,5619,0.8220000000000001,4618.82,1k_25k,af8a1a7a2b5d5f57
9562929,,2026-05-08,PHP,Harry Hyman,4543,1.01341,4603.92,1k_25k,b7ac9477a1197407
9485098,,2026-03-19,GEN,Tim Pullen,1600,2.8174,4507.84,1k_25k,4b9537385c0c87c0
9169874,,2025-10-10,PRU,Avnish Kalra,41,105.8995,4341.88,1k_25k,8d62d595b5196c8b
9123508,,2025-09-18,RKT,Shannon Eisenhardt,76,57.09966,4339.57,1k_25k,b4915a5f56d69d79
9413643,,2026-02-03,ASAI,Steven van Zuylen,1800,2.3,4140.0,1k_25k,7b35f51c3aa07919
9169874,,2025-10-10,PRU,Kenneth Rappold,38,105.8995,4024.18,1k_25k,78180cc80c7f76d0
9169874,,2025-10-10,PRU,Dennis Tan,38,105.8995,4024.18,1k_25k,a4ceaf4149fefc04
8871014,,2025-05-07,BATS,Javed Iqbal,121,33.2112,4018.56,1k_25k,1caff8f2e90284a3
9242633,,2025-11-18,CNSL,Jeremy Millard,168776,0.023700000000000002,3999.99,1k_25k,74290d97006082d4
9123852,,2025-09-19,RR,Simon Burr,348,11.48,3995.04,1k_25k,0b85d4b11fd6f0d9
8913038,,2025-06-04,EMVC,Ed Hooper,10528,0.3788,3988.01,1k_25k,6ce9b8c516e5f04a
9145144,,2025-10-01,AEG,Paul Elliott,3456521,0.00115,3975.0,1k_25k,a6071dda3983a8c3
9169874,,2025-10-10,PRU,Ben Bulmer,37,105.8995,3918.28,1k_25k,049779161d13bde3
9169874,,2025-10-10,PRU,Catherine Chia,37,105.8995,3918.28,1k_25k,5c0ddf9a17db832d
9155716,,2025-10-07,SDY,Claire Rayner,13500,0.286475,3867.41,1k_25k,28d8cc4eff597594
8871014,,2025-05-07,BATS,James Murphy,112,33.2112,3719.65,1k_25k,2867d4ef8360a6fd
8908145,,2025-05-29,RKT,Shannon Eisenhardt,74,49.46445,3660.37,1k_25k,98f1f63bdbd20ec1
9520590,,2026-04-14,ZNT,David Izett,175000,0.02,3500.0,1k_25k,1c508de66b61f2cd
9520590,,2026-04-14,ZNT,David Izett,175000,0.02,3500.0,1k_25k,1c508de66b61f2cd
9017472,,2025-07-30,BARC,Mary Mack,907,3.709,3364.06,1k_25k,38e79bd7d577e312
9421838,,2026-02-06,VOD,Lady Anna Carter,3037,1.09875,3336.9,1k_25k,09bea8f15660bbda
9144506,,2025-10-01,MTO,Salma Shah,2423,1.3769,3336.23,1k_25k,7ad3326c9adc2c48
9504138,,2026-04-01,MTO,Salma Shah,1929,1.72936,3335.94,1k_25k,0978e228f9d4a462
8958358,,2025-07-01,MTO,Salma Shah,2360,1.413387,3335.59,1k_25k,81aae12805a92748
9496163,,2026-03-26,MWY,Anulika Malomo,467,6.974251,3256.98,1k_25k,8deb0699ee1bd79e
9524827,,2026-04-16,TRI,I Ain Percival,4621,0.6759999999999999,3123.8,1k_25k,a1a1eea349fd9f43
9517985,,2026-04-13,HAS,David Brown,11137,0.27,3006.99,1k_25k,fa38e83bb4f1578b
9568599,,2026-05-12,RWA,Michaela Tod,3275,0.9159999999999999,2999.9,1k_25k,7b86fe8e9ba44e6f
9496352,,2026-03-26,MWY,Anulika Malomo,428,6.965587,2981.27,1k_25k,d99bd9b4db31c2eb
9153471,,2025-10-06,SDY,Shatish Dasani,10500,0.276,2898.0,1k_25k,e9bf5c36d8166d22
9053762,,2025-08-13,DSCV,Clive Watson,402,6.6979999999999995,2692.6,1k_25k,240a9d4ee8184156
9492008,,2026-03-25,CNA,Frank Mastiaux,1321,1.984,2620.86,1k_25k,4139eeb2a7c1fcc7
9453153,,2026-02-27,FXPO,Nikolay Kladiev,4587,0.555,2545.79,1k_25k,635766bcb49fa053
9334421,,2026-01-02,MTO,Mary Reilly,1518,1.6727,2539.16,1k_25k,0e1d0eb945137815
9144506,,2025-10-01,MTO,Mary Reilly,1844,1.3769,2539.0,1k_25k,9cfd6b187248d487
9504138,,2026-04-01,MTO,Mary Reilly,1468,1.72936,2538.7,1k_25k,864d70ef45e36c89
8958358,,2025-07-01,MTO,Mary Reilly,1796,1.413387,2538.44,1k_25k,e7958d7836addfc6
9540017,,2026-04-27,CNA,Frank Mastiaux,1208,2.084,2517.47,1k_25k,32eca03fbba6855b
8885950,,2024-04-19,WISE,Sebastian James Hunter Peacock,308,8.107762,2497.19,1k_25k,7a1243058e96be32
9340147,,2026-01-07,ACSO,Mr Lee Cowie,880,2.83,2490.4,1k_25k,2bdb6f42ce65ee64
9585871,,2026-05-26,CNA,Frank Mastiaux,1244,1.9915,2477.43,1k_25k,9ee863822688435a
9298025,,2025-12-15,TW,Mark Castle,2267,1.0155,2302.14,1k_25k,0cb31f972b904b46
9242633,,2025-11-18,CNSL,Carolyn Rand,100000,0.023,2300.0,1k_25k,410f44b77b41cec4
8871006,,2025-05-09,BATS,Soraya Benchikh,69,32.96,2274.24,1k_25k,e320f803f0be8983
9029303,,2025-08-04,BATS,Soraya Benchikh,55,41.31,2272.05,1k_25k,3c8d9eb510c3519b
9032414,,2025-08-04,VOD,Lady Anna Carter,2742,0.82523,2262.78,1k_25k,12095c87276ff692
9123852,,2025-09-19,RR,Wendy Mars,195,11.48,2238.6,1k_25k,0bc602b8e483d884
8880875,,2025-05-14,TW,Mark Castle,1885,1.179,2222.41,1k_25k,f90707a5431af736
9588351,,2026-05-26,BATS,Serpil Timuray,47,43.718739,2054.78,1k_25k,88d3723cbc540aaf
9588351,,2026-05-26,BATS,Abdurrahman Murat Timuray,47,43.718739,2054.78,1k_25k,b9d8022671eebfd9
9347936,,2026-01-08,CMCX,Laurence Booth,638,3.13,1996.94,1k_25k,0322d46a916ffe27
9434721,,2026-02-12,BATS,Serpil Timuray,43,46.421302,1996.12,1k_25k,7f29719662074098
9434721,,2026-02-12,BATS,Abdurrahman Murat Timuray,43,46.421302,1996.12,1k_25k,68f2f81c28c8773e
9057039,,2025-08-01,BATS,Serpil Timuray,47,41.820329,1965.56,1k_25k,b3be17b48f854e36
9057039,,2025-08-01,BATS,Abdurrahman Murat Timuray,47,41.820329,1965.56,1k_25k,bdf327ccf03482db
9560133,,2026-05-07,BATS,James Barrett,45,42.96682,1933.51,1k_25k,346eb4441ee989ca
9178631,,2025-09-24,HBR,Louise Hough,912,2.12,1933.44,1k_25k,2ad6b1f8916cde32
9178631,,2025-05-21,HBR,Louise Hough,1098,1.724334,1893.32,1k_25k,c81578192c9009a1
9044164,,2025-08-11,MSLH,Amanda Bourne,950,1.99,1890.5,1k_25k,610228e0dd9dcd7e
9387677,,2026-01-26,CNA,Philippe Boisseau,1021,1.84173,1880.41,1k_25k,2c47492c1c9dd0ab
9322805,,2025-12-29,CNA,Philippe Boisseau,1116,1.6835,1878.79,1k_25k,40e89c7baf28b575
9560027,,2026-05-07,RR,Wendy Mars,143,12.81384,1832.38,1k_25k,3504791c42795db1
9342352,,2026-01-07,RR,Wendy Mars,146,12.54885,1832.13,1k_25k,20f92cb454701f1b
9285888,,2025-12-08,RR,Wendy Mars,167,10.9575,1829.9,1k_25k,7bb66591d8ef7035
9224371,,2025-11-07,RR,Wendy Mars,162,11.291619,1829.24,1k_25k,63faf31869356134
9467833,,2026-03-09,RR,Wendy Mars,152,12.032137,1828.88,1k_25k,1ca1cb9faa1de6fd
8922546,,2025-06-09,RR,Wendy Mars,209,8.748796,1828.5,1k_25k,d91388155d70b74f
9160883,,2025-10-07,RR,Wendy Mars,159,11.4831,1825.81,1k_25k,56fb520ae9fabe4a
9099311,,2025-09-09,RR,Wendy Mars,170,10.739,1825.63,1k_25k,952fe325f725a582
9424413,,2026-02-09,RR,Wendy Mars,147,12.41595,1825.14,1k_25k,ce40a498c43259df
9511054,,2026-04-07,RR,Wendy Mars,154,11.847,1824.44,1k_25k,7a805914baecd898
8870591,,2025-05-07,RR,Wendy Mars,235,7.752,1821.72,1k_25k,035c2c2cf847b989
8971882,,2025-07-07,RR,Wendy Mars,188,9.68834,1821.41,1k_25k,744957b2958b9712
9044577,,2025-07-07,RR,Wendy Mars,188,9.68834,1821.41,1k_25k,744957b2958b9712
9513311,,2026-04-08,SRC,Max Vermorken,1421,1.2663,1799.41,1k_25k,d7683307e8500d58
9513311,,2026-04-08,SRC,Jan van Beek,1421,1.2663,1799.41,1k_25k,093707bacfdb9275
9529076,,2026-04-20,BPM,Daniel Topping,275,6.53,1795.75,1k_25k,2171ba09009a815e
9529076,,2026-04-20,BPM,Alice Foulk,275,6.53,1795.75,1k_25k,129648df6f383e60
9529076,,2026-04-20,BPM,Francesca Chappell,275,6.53,1795.75,1k_25k,61c916497bf15440
8934032,,2023-04-14,GRG,Roisin Currie,64,27.91,1786.24,1k_25k,cc090a2b0b617ef3
9020574,,2025-08-01,SMIN,Richard Howes,76,23.398,1778.25,1k_25k,1bb3234c4c772b7f
9549611,,2026-05-01,SMIN,Richard Howes,70,25.32,1772.4,1k_25k,851e7543ac345c39
8857431,,2025-05-01,SMIN,Richard Howes,95,18.5889,1765.95,1k_25k,404454b25dac4c6f
9209204,,2025-11-03,SMIN,Richard Howes,70,25.22,1765.4,1k_25k,e5f4a360be7812b3
9256298,,2025-11-25,CNA,Philippe Boisseau,1080,1.62603,1756.11,1k_25k,8f58b94b93ad3274
9401564,,2026-02-02,SMIN,Richard Howes,70,24.96,1747.2,1k_25k,fa71b1f480683451
9401564,,2026-02-02,SMIN,Simon Pryce,68,24.96,1697.28,1k_25k,f135ed09240139bd
9196719,,2025-10-27,CNA,Philippe Boisseau,949,1.77331,1682.87,1k_25k,a77b49e37bdc132e
9131919,,2025-09-25,CNA,Philippe Boisseau,1011,1.66384,1682.14,1k_25k,feb412ee708bbd56
8914998,,2025-06-02,BA,Caitlin Hayden,84,19.312,1622.21,1k_25k,62aca640f311922a
9515307,,2026-04-10,GHV1,Justin Paul Ward,2533,0.5965,1510.93,1k_25k,738b713ba9cc5f82
8920208,,2025-06-06,FXPO,Nikolay Kladiev,3070,0.4774,1465.62,1k_25k,a0f3983dcf6a93b9
9204750,,2025-10-30,GHV1,Justin Paul Ward,2269,0.6409,1454.2,1k_25k,79e1500e729366e1
9155716,,2025-10-07,SDY,Robert Rayner,5000,0.286475,1432.38,1k_25k,78585e2108b7b8a6
9270966,,2025-11-28,PZC,Sarah Pollard,1789,0.79102,1415.13,1k_25k,66d13dca725a36cf
9173296,,2025-10-14,TRI,Clive Watson,1665,0.8231999999999999,1370.63,1k_25k,1d97b2aa6e4a5d12
9190820,,2025-10-14,TRI,Clive Watson,1665,0.8231999999999999,1370.63,1k_25k,1d97b2aa6e4a5d12
9515307,,2026-04-10,GHV1,Elizabeth Ann Ward,2289,0.5965,1365.39,1k_25k,de54a56fe89c9391
9428882,https://www.investegate.co.uk/announcement/rns/discoverie-group--dscv/director-pdmr-shareholding-/9428882,2026-02-12,DSCV,Clive Watson,200,6.4035,1280.7,1k_25k,fbf40834122f3d85
8875069,,2025-05-09,TW,Jennie Daly,1053,1.1909999999999998,1254.12,1k_25k,b9eb02116f2d7f3c
8939183,,2025-06-17,RR,Jörg Stratmann,141,8.782196,1238.29,1k_25k,8a6be1a5296eb556
9453153,,2026-02-27,FXPO,Yaroslavna Blonska,2180,0.555,1209.9,1k_25k,42e955c86cb2697b
9469959,https://www.investegate.co.uk/announcement/rns/grainger--gri/director-pdmr-shareholding/9469959,2026-02-20,GRI,Helen Gordon,596,1.945,1159.22,1k_25k,9e631abbd4d591bf
9424413,,2026-02-09,RR,Birgit Behrendt,89,12.41595,1105.02,1k_25k,7799346fe19c6966
9342352,,2026-01-07,RR,Birgit Behrendt,88,12.54885,1104.3,1k_25k,edc544cc4f2fadde
9160883,,2025-10-07,RR,Birgit Behrendt,96,11.4831,1102.38,1k_25k,6ec8c9c7a680dc64
8922546,,2025-06-09,RR,Birgit Behrendt,126,8.748796,1102.35,1k_25k,ed86bd45a2730e3e
9560027,,2026-05-07,RR,Birgit Behrendt,86,12.81384,1101.99,1k_25k,4034a0203ebbfa35
9511054,,2026-04-07,RR,Birgit Behrendt,93,11.847,1101.77,1k_25k,8ec5ec1e3cfe5f4d
8870591,,2025-05-07,RR,Birgit Behrendt,142,7.752,1100.78,1k_25k,fab96c0f9af86f2d
9285888,,2025-12-08,RR,Birgit Behrendt,100,10.9575,1095.75,1k_25k,ad35bf1195a42017
9099311,,2025-09-09,RR,Birgit Behrendt,102,10.739,1095.38,1k_25k,36330cef50a4c94e
9224371,,2025-11-07,RR,Birgit Behrendt,97,11.291619,1095.29,1k_25k,6972080c85bc6852
9467833,,2026-03-09,RR,Birgit Behrendt,91,12.032137,1094.92,1k_25k,2d890483fd3d62b0
8971882,,2025-07-07,RR,Birgit Behrendt,113,9.68834,1094.78,1k_25k,273f6e506b071272
9044577,,2025-07-07,RR,Birgit Behrendt,113,9.68834,1094.78,1k_25k,273f6e506b071272
8933838,,2025-06-12,GRG,Roisin Currie,53,19.899999999999995,1054.7,1k_25k,741d3bb331d3e59c
9421838,,2026-02-05,VOD,Simon Dingemans,940,1.060499,996.87,lt_1k,f7db3c84d4183be0
8953355,,2025-06-27,COIL,Simon Sinclair,72507,0.0137,993.35,lt_1k,9f60dec36289a0ab
8885950,,2024-04-19,WISE,Matthew Peacock,122,8.134698,992.43,lt_1k,2c9abd7b6a6962d1
9387677,,2026-01-26,CNA,Sue Whalley,530,1.84173,976.12,lt_1k,fe90225d173053fa
9585871,,2026-05-26,CNA,Sue Whalley,490,1.9915,975.84,lt_1k,9c249a7aa0b88275
9256298,,2025-11-25,CNA,Sue Whalley,600,1.62603,975.62,lt_1k,d3c18e6c64bd63dc
9447395,,2026-02-25,CNA,Sue Whalley,513,1.9014,975.42,lt_1k,8da89629e3ba7f22
9540017,,2026-04-27,CNA,Sue Whalley,468,2.084,975.31,lt_1k,69968ff88ee43690
9131919,,2025-09-25,CNA,Sue Whalley,586,1.66384,975.01,lt_1k,bf33013e71c6ef27
9322805,,2025-12-29,CNA,Sue Whalley,579,1.6835,974.75,lt_1k,d964c904f3b81671
9492008,,2026-03-25,CNA,Sue Whalley,491,1.984,974.14,lt_1k,70d1deb25ea469f8
9196719,,2025-10-27,CNA,Sue Whalley,549,1.77331,973.55,lt_1k,adb017ec77aa6db1
9032414,,2025-08-04,VOD,Simon Dingemans,1178,0.82292,969.4,lt_1k,1286383ac78261e0
9270966,,2025-11-28,PZC,Steve Noble,1174,0.79102,928.66,lt_1k,2bc0433757790275
9347936,,2026-01-08,CMCX,Lord Cruddas,282,3.13,882.66,lt_1k,4bf1d03aa7c7a8f4
9039330,,2025-08-06,MTO,Salma Shah,566,1.453422,822.64,lt_1k,b1f1c8b791856915
8934028,,2023-06-13,GRG,Roisin Currie,29,27.33,792.57,lt_1k,26be3ce7c7263d58
8890397,,2025-05-19,PRU,Ben Bulmer,91,8.650912,787.23,lt_1k,381414d2d6f5ca41
8920208,,2025-06-06,FXPO,Viktor Lotous,1594,0.4774,760.98,lt_1k,f4b5563675bc7aef
8890397,,2025-05-19,PRU,Avnish Kalra,84,8.650912,726.68,lt_1k,4bf2cdcf67357cf4
8931914,,2025-06-13,KIE,Megan Thomas,397,1.750772,695.06,lt_1k,56d0a286e1049084
9524827,,2026-04-14,TRI,Clive Watson,973,0.7140000000000001,694.72,lt_1k,9829b15839728679
9178631,,2024-09-25,HBR,Louise Hough,252,2.660169,670.36,lt_1k,3dbb3b984a19db4d
9220794,https://www.investegate.co.uk/announcement/rns/personal-group-holdings--pgh/director-pdmr-shareholding/9220794,2025-11-04,PGH,Maria Darby-Walker,188,3.33104,626.24,lt_1k,8ada3d13b331c216
9094468,,2025-09-05,INCH,Adrian Lewis,86,6.73375,579.1,lt_1k,0e846b419dafd875
8888768,https://www.investegate.co.uk/announcement/rns/transense-technologies--trt/director-pdmr-shareholding-acquisition-of-shares/8888768,2025-05-20,TRT,Ryan Maughan,368,1.335,491.28,lt_1k,3ddf433b69de239e
9443065,,2026-02-20,MTO,Salma Shah,264,1.834019,484.18,lt_1k,638f321e8800410f
9247087,,2025-11-20,GPE,Number of Shares Purchased,155,3.09824,480.23,lt_1k,ac8f8f2f07bc91d3
9389504,,2026-01-26,JDW,Ben Whitley,6931,0.0679,470.61,lt_1k,1c9583af2cdec44e
8939183,,2025-06-16,RR,Rob Watson,51,8.8272,450.19,lt_1k,e56f7d4f43e4a38d
9063785,https://www.investegate.co.uk/announcement/prn/firstgroup--fgp/director-pdmr-shareholding/9063785,2025-08-15,FGP,Ryan Mangold,192,2.2837,438.47,lt_1k,8b0099ce0b5ab9bd
9245460,,2025-11-17,PRU,Ben Bulmer,40,10.645,425.8,lt_1k,d553cc9a3d936a75
9245460,,2025-11-17,PRU,Avnish Kalra,40,10.645,425.8,lt_1k,aecc78fb753095ee
9295754,,2025-12-10,PRU,Ben Bulmer,39,10.868155,423.86,lt_1k,bc3a3e7affe2043a
9295754,,2025-12-10,PRU,Avnish Kalra,39,10.868155,423.86,lt_1k,4e96625c2294af3f
9053762,,2025-08-13,DSCV,Mary Watson,63,6.6979,421.97,lt_1k,dbeea6b03744bf0e
9472507,,2026-03-10,PRU,Ben Bulmer,38,10.998197,417.93,lt_1k,5b646e0132a42d6d
9472507,,2026-03-10,PRU,Avnish Kalra,38,10.998197,417.93,lt_1k,7cf8bbb2597794f5
9472507,,2026-03-10,PRU,Rajeev Mittal,38,10.998197,417.93,lt_1k,edb69ed24e514d04
9472507,,2026-03-10,PRU,Anil Wadhwani,38,10.998197,417.93,lt_1k,14aa19c16c9fa4cf
9354474,,2026-01-12,PRU,Ben Bulmer,36,11.608229,417.9,lt_1k,406773c1b3f0baf5
9354474,,2026-01-12,PRU,Avnish Kalra,36,11.608229,417.9,lt_1k,a029300842914c76
9354474,,2026-01-12,PRU,Anil Wadhwani,36,11.608229,417.9,lt_1k,9aff946e009e36cb
9517989,,2026-04-10,PRU,Ben Bulmer,37,11.272592,417.09,lt_1k,986fa2eee1a585d7
9517989,,2026-04-10,PRU,Avnish Kalra,37,11.272592,417.09,lt_1k,001e9e7d059ceabc
9517989,,2026-04-10,PRU,Anil Wadhwani,37,11.272592,417.09,lt_1k,abe0143b765f3bd3
9427998,,2026-02-10,PRU,Ben Bulmer,35,11.84,414.4,lt_1k,2c5ba22dfad66cf6
9427998,,2026-02-10,PRU,Avnish Kalra,35,11.84,414.4,lt_1k,55cc9e7a80d091e5
9427998,,2026-02-10,PRU,Anil Wadhwani,35,11.84,414.4,lt_1k,148ddb295090bd34
9566410,,2026-05-11,PRU,Ben Bulmer,36,11.387677,409.96,lt_1k,a46984aeff5c532a
9566410,,2026-05-11,PRU,Avnish Kalra,36,11.387677,409.96,lt_1k,cfd8e6f470ba4430
9566410,,2026-05-11,PRU,Rajeev Mittal,36,11.387677,409.96,lt_1k,138235f50fd483a7
9566410,,2026-05-11,PRU,Kenneth Rappold,36,11.387677,409.96,lt_1k,04904c212e374c3c
9566410,,2026-05-11,PRU,Anil Wadhwani,36,11.387677,409.96,lt_1k,14413aac80823328
9354474,,2026-01-12,PRU,Rajeev Mittal,35,11.608229,406.29,lt_1k,aa20e1fea4f52e1a
9517989,,2026-04-10,PRU,Rajeev Mittal,36,11.272592,405.81,lt_1k,b564ef198fc6792f
9427998,,2026-02-10,PRU,Rajeev Mittal,34,11.84,402.56,lt_1k,9b19aa8670ebf320
9517989,,2026-04-10,PRU,Dennis Tan,35,11.272592,394.54,lt_1k,63bf6e6e772a8259
9245460,,2025-11-17,PRU,Kenneth Rappold,37,10.645,393.87,lt_1k,8cf2a3b4a3eb2f51
8980244,,2025-07-11,PRU,Solmaz Altin,43,9.1324,392.69,lt_1k,4bfa436b29727c6c
8980244,,2025-07-11,PRU,Dennis Tan,43,9.1324,392.69,lt_1k,cd27fc329900377f
9295754,,2025-12-10,PRU,Kenneth Rappold,36,10.868155,391.25,lt_1k,6788f803092e8942
9295754,,2025-12-10,PRU,Dennis Tan,36,10.868155,391.25,lt_1k,bfa1e9b05c81c16a
8926659,,2025-06-10,PRU,Solmaz Altin,44,8.855827,389.66,lt_1k,b3d9d2dbafaa757f
8926659,,2025-06-10,PRU,Dennis Tan,44,8.855827,389.66,lt_1k,8e9cf7296e975e51
9049813,,2025-08-11,PRU,Dennis Tan,40,9.71377,388.55,lt_1k,b75d44c004927ad9
9104599,,2025-09-10,PRU,Dennis Tan,38,10.2216,388.42,lt_1k,18e5c9669b1ca591
9566410,,2026-05-11,PRU,Dennis Tan,34,11.387677,387.18,lt_1k,85c28c29ad8a0194
9472507,,2026-03-10,PRU,Kenneth Rappold,35,10.998197,384.94,lt_1k,efe8992cc7296116
9472507,,2026-03-10,PRU,Dennis Tan,35,10.998197,384.94,lt_1k,0293c02aaf3c5fc9
8877408,,2025-05-12,PRU,Solmaz Altin,44,8.712276,383.34,lt_1k,d9678630cf44bf72
8877408,,2025-05-12,PRU,Dennis Tan,44,8.712276,383.34,lt_1k,ff7177a92b96c85b
8877408,,2025-05-12,PRU,Bill Maldonado,44,8.712276,383.34,lt_1k,2b477a9001c03167
8877408,,2025-05-12,PRU,Kenneth Rappold,44,8.712276,383.34,lt_1k,416781500a4001c0
9517989,,2026-04-10,PRU,Kenneth Rappold,34,11.272592,383.27,lt_1k,922c6c4c08f98372
9245460,,2025-11-17,PRU,Catherine Chia,36,10.645,383.22,lt_1k,9c3f936937805433
9245460,,2025-11-17,PRU,Dennis Tan,36,10.645,383.22,lt_1k,2cd496340adcb591
9354474,,2026-01-12,PRU,Catherine Chia,33,11.608229,383.07,lt_1k,e260efbd070fc5e3
9354474,,2026-01-12,PRU,Kenneth Rappold,33,11.608229,383.07,lt_1k,03c6cb3102e0dcc7
9354474,,2026-01-12,PRU,Dennis Tan,33,11.608229,383.07,lt_1k,0de69e951f9c42eb
8926659,,2025-06-10,PRU,Bill Maldonado,43,8.855827,380.8,lt_1k,ae4cff2b8f575541
9295754,,2025-12-10,PRU,Catherine Chia,35,10.868155,380.39,lt_1k,8c45bd8fef56ef93
9427998,,2026-02-10,PRU,Kenneth Rappold,32,11.84,378.88,lt_1k,399b8391af7c7658
9427998,,2026-02-10,PRU,Dennis Tan,32,11.84,378.88,lt_1k,277a1382acb72a01
9049813,,2025-08-11,PRU,Kenneth Rappold,39,9.71377,378.84,lt_1k,e5ca5fb539a5174b
9104599,,2025-09-10,PRU,Kenneth Rappold,37,10.2216,378.2,lt_1k,27f7ac7847e7ffb5
9184478,,2025-10-16,PRU,Ben Bulmer,37,10.20982,377.76,lt_1k,aab052d723dc7b61
9566410,,2026-05-11,PRU,Catherine Chia,33,11.387677,375.79,lt_1k,868d124949007e97
8877408,,2025-05-12,PRU,Avnish Kalra,43,8.712276,374.63,lt_1k,76dcc9b3634387ce
8877408,,2025-05-12,PRU,Ben Bulmer,43,8.712276,374.63,lt_1k,450764ca0534e36f
8877408,,2025-05-12,PRU,Catherine Chia,43,8.712276,374.63,lt_1k,d852db0cdfecf176
9472507,,2026-03-10,PRU,Catherine Chia,34,10.998197,373.94,lt_1k,432b737c331948c5
9517989,,2026-04-10,PRU,Catherine Chia,33,11.272592,372.0,lt_1k,17d012102799b8f7
8890397,,2025-05-19,PRU,Dennis Tan,43,8.650912,371.99,lt_1k,2e0a5da98da62431
8926659,,2025-06-10,PRU,Kenneth Rappold,42,8.855827,371.94,lt_1k,fc8060d8391014a1
9049813,,2025-08-11,PRU,Ben Bulmer,38,9.71377,369.12,lt_1k,372808f82f5b9101
9049813,,2025-08-11,PRU,Avnish Kalra,38,9.71377,369.12,lt_1k,d70af4c5a58e3837
9104599,,2025-09-10,PRU,Ben Bulmer,36,10.2216,367.98,lt_1k,12bc5665136bc487
9104599,,2025-09-10,PRU,Avnish Kalra,36,10.2216,367.98,lt_1k,c8510d3ee3d8fafc
9427998,,2026-02-10,PRU,Catherine Chia,31,11.84,367.04,lt_1k,9521504bf99aa5c3
8980244,,2025-07-11,PRU,Ben Bulmer,40,9.1324,365.3,lt_1k,4a39d6c2d6d2f1d2
8980244,,2025-07-11,PRU,Catherine Chia,40,9.1324,365.3,lt_1k,8676624626b1a254
8980244,,2025-07-11,PRU,Avnish Kalra,40,9.1324,365.3,lt_1k,19db89d89ee9da0f
8980244,,2025-07-11,PRU,Kenneth Rappold,40,9.1324,365.3,lt_1k,b36464e187077a4d
8926659,,2025-06-10,PRU,Avnish Kalra,41,8.855827,363.09,lt_1k,97296bbfd958fffc
8926659,,2025-06-10,PRU,Ben Bulmer,41,8.855827,363.09,lt_1k,5371757f41b812b9
8926659,,2025-06-10,PRU,Catherine Chia,41,8.855827,363.09,lt_1k,b3b8b9c749b8bb43
8962365,,2025-07-02,DIA,Stephen Blair,190,1.9,361.0,lt_1k,f668d9bcf0ebc30f
9184478,,2025-10-16,PRU,Avnish Kalra,34,10.20982,347.13,lt_1k,9bc5b70d09b55307
8934033,,2023-10-06,GRG,Roisin Currie,14,22.56,315.84,lt_1k,e7cfd81c0c136e4e
8976199,,2025-07-09,AGR,Jonathan Murphy,607,0.49979,303.37,lt_1k,5f222aa39a47a780
8976199,,2025-07-09,AGR,Jayne Cottam,607,0.49979,303.37,lt_1k,5d6fe99c2cd860d0
8976199,,2025-07-09,AGR,Orla Ball,607,0.49979,303.37,lt_1k,664e234cd3b11ca2
8980933,,2025-07-09,AGR,Jonathan Murphy,607,0.49979,303.37,lt_1k,5f222aa39a47a780
8980933,,2025-07-09,AGR,Jayne Cottam,607,0.49979,303.37,lt_1k,5d6fe99c2cd860d0
8980933,,2025-07-09,AGR,Orla Ball,607,0.49979,303.37,lt_1k,664e234cd3b11ca2
8885948,,2024-08-27,WISE,Hunter Edward Peacock,41,7.1735,294.11,lt_1k,96ea38af0bda7bde
8890397,,2025-05-19,PRU,Bill Maldonado,32,8.650912,276.83,lt_1k,f542dd0ab705eba8
9576177,,2026-05-19,GRG,Richard Smothers,1615,0.1693,273.42,lt_1k,7099a35cfc07b211
8885948,,2024-08-27,WISE,Sebastian James Hunter Peacock,34,7.1735,243.9,lt_1k,1c895fa4f4591c70
8976199,,2025-07-09,AGR,Robert James,482,0.49979,240.9,lt_1k,3c2bd992c9adc0eb
8980933,,2025-07-09,AGR,Robert James,482,0.49979,240.9,lt_1k,3c2bd992c9adc0eb
8890397,,2025-05-19,PRU,Solmaz Altin,25,8.650912,216.27,lt_1k,312282b151e677a7
9350150,https://www.investegate.co.uk/announcement/prn/firstgroup--fgp/director-pdmr-shareholding/9350150,2026-01-07,FGP,Ryan Mangold,113,1.8947,214.1,lt_1k,d326fce5f0c26ddb
8939183,,2025-06-16,RR,Chris Cholerton,24,8.8272,211.85,lt_1k,83a56573ff19e26e
8920208,,2025-06-06,FXPO,Yaroslavna Blonska,443,0.4774,211.49,lt_1k,7b272538fa2782e0
9123852,,2025-09-19,RR,Birgit Behrendt,17,11.48,195.16,lt_1k,9c8bfa5bc59998df
8885948,,2024-08-27,WISE,Aspen Elizabeth Alida Peacock,27,7.171538,193.63,lt_1k,414ce5406315cebb
8978494,,2025-07-10,XPS,Benjamin Bramhall,383948,0.0005,191.97,lt_1k,542ebb15617c4eca
8978494,,2025-07-10,XPS,Paul Cuff,383948,0.0005,191.97,lt_1k,3274a0e761ceb32e
9184478,,2025-10-16,PRU,Dennis Tan,18,10.20982,183.78,lt_1k,0833519f78d32dba
9273906,,2025-12-02,BGEO,Andrew McIntyre,2,90.33227,180.66,lt_1k,3b6592b1adf210c0
9496291,,2026-03-27,SGRO,Marcus Sperber,27,6.414,173.18,lt_1k,516c56fb9e8eedfe
8976199,,2025-07-09,AGR,Sarah Taylor,329,0.49979,164.43,lt_1k,9b4039e66769f993
8980933,,2025-07-09,AGR,Sarah Taylor,329,0.49979,164.43,lt_1k,9b4039e66769f993
9123852,,2025-09-18,RR,Chris Cholerton,14,11.3155,158.42,lt_1k,1bb89f861ac628c9
8919369,,2025-06-03,MSLH,Simon Bourne,55,2.76,151.8,lt_1k,d7a2af08633dca2b
8985188,,2025-07-03,MSLH,Matthew Pullen,56,2.7,151.2,lt_1k,054632a57f5d4674
8985192,,2025-07-03,MSLH,Justin Lockwood,56,2.7,151.2,lt_1k,32ca69311790ad3f
9491870,,2026-03-23,SAFE,Delphine Mousseau,23,6.56,150.88,lt_1k,cee3fe4b44e1d71d
9099482,,2025-09-03,MSLH,Simon Bourne,87,1.73,150.51,lt_1k,e9397d4d188f1cc4
9344441,,2026-01-05,MSLH,Justin Lockwood,85,1.77,150.45,lt_1k,2f4ed762c51626d7
9223548,,2025-11-03,MSLH,Simon Bourne,89,1.69,150.41,lt_1k,64d4370d92aa621b
9430915,,2026-02-03,MSLH,Simon Bourne,95,1.58,150.1,lt_1k,4a6d07200d5fa33b
9161240,,2025-10-03,MSLH,Matthew Pullen,85,1.76,149.6,lt_1k,c4b665dae977dc2f
9161242,,2025-10-03,MSLH,Justin Lockwood,85,1.76,149.6,lt_1k,c55dc732341a2665
9469962,,2026-03-03,MSLH,Justin Lockwood,88,1.7,149.6,lt_1k,e1f4e31957401f53
9469975,,2026-03-03,MSLH,Simon Bourne,88,1.7,149.6,lt_1k,783f039716d233ba
9569196,,2026-05-13,JDW,Michael Barron,25,5.97,149.25,lt_1k,fa6d9bd814315f76
9569196,,2026-05-13,JDW,Paul Brimmer,25,5.97,149.25,lt_1k,618bf94e22b71d4c
9569196,,2026-05-13,JDW,David Capstick,25,5.97,149.25,lt_1k,fab62ecd9e922227
9569196,,2026-05-13,JDW,Nigel Connor,25,5.97,149.25,lt_1k,891c59ac86262908
9569196,,2026-05-13,JDW,Martin Geoghegan,25,5.97,149.25,lt_1k,625535e7b09be5a1
9569196,,2026-05-13,JDW,John Hutson,25,5.97,149.25,lt_1k,818f247191b7796a
9569196,,2026-05-13,JDW,Ben Whitley,25,5.97,149.25,lt_1k,d8159212fbada551
9569196,,2026-05-13,JDW,Debbie Whittingham,25,5.97,149.25,lt_1k,56f6da006bc144d1
8919367,,2025-06-03,MSLH,Matthew Pullen,54,2.76,149.04,lt_1k,056f231daec62758
8919370,,2025-06-03,MSLH,Justin Lockwood,54,2.76,149.04,lt_1k,a2dc092cc8fa4e96
8922546,,2025-06-09,RR,Helen McCabe,17,8.7647,149.0,lt_1k,6c91b3d7b106ec9f
8922546,,2025-06-09,RR,Rob Watson,17,8.7647,149.0,lt_1k,d05ddb098153787c
9099478,,2025-09-03,MSLH,Matthew Pullen,86,1.73,148.78,lt_1k,e47700748d035005
9099481,,2025-09-03,MSLH,Justin Lockwood,86,1.73,148.78,lt_1k,78e61fd84d9d8e72
9223539,,2025-11-03,MSLH,Matthew Pullen,88,1.69,148.72,lt_1k,51749bb0a22b53d0
9223543,,2025-11-03,MSLH,Justin Lockwood,88,1.69,148.72,lt_1k,2c9ca5ca4e3470ce
9344444,,2026-01-05,MSLH,Simon Bourne,84,1.77,148.68,lt_1k,909f3ab99b14de83
9430948,,2026-02-03,MSLH,Justin Lockwood,94,1.58,148.52,lt_1k,5a16c443928cfafb
8985195,,2025-07-03,MSLH,Simon Bourne,55,2.7,148.5,lt_1k,abf37bbace6da656
9161247,,2025-10-03,MSLH,Simon Bourne,84,1.76,147.84,lt_1k,3e58e9902e04f657
8870591,,2025-05-07,RR,Helen McCabe,19,7.7735,147.7,lt_1k,0644145ce534d5ac
8870591,,2025-05-07,RR,Rob Watson,19,7.7735,147.7,lt_1k,449cda17e827ea36
9486760,,2026-03-23,SAFE,Simon Clinton,23,6.13049,141.0,lt_1k,557487d8b4677998
8978494,,2025-07-10,XPS,Snehal Shah,270260,0.0005,135.13,lt_1k,a4480029eec3e130
8890397,,2025-05-19,PRU,Catherine Chia,15,8.650912,129.76,lt_1k,ef613d4fbfc0334f
9007881,https://www.investegate.co.uk/announcement/rns/spirent-communications--spt/director-pdmr-shareholding/9007881,2025-07-24,SPT,Paula Bell,64,1.966,125.82,lt_1k,598c7bb9ed7423d8
9132171,https://www.investegate.co.uk/announcement/rns/spirent-communications--spt/director-pdmr-shareholding/9132171,2025-09-24,SPT,Paula Bell,64,1.96,125.44,lt_1k,6006cc889a48bdf7
8947596,https://www.investegate.co.uk/announcement/rns/spirent-communications--spt/director-pdmr-shareholding/8947596,2025-06-24,SPT,Paula Bell,65,1.924,125.06,lt_1k,a9a96fec15e0e013
8901385,https://www.investegate.co.uk/announcement/rns/spirent-communications--spt/director-pdmr-shareholding/8901385,2025-05-27,SPT,Paula Bell,65,1.914,124.41,lt_1k,3b8acb3c6005e5a3
9076406,https://www.investegate.co.uk/announcement/rns/spirent-communications--spt/director-pdmr-shareholding/9076406,2025-08-26,SPT,Paula Bell,63,1.966,123.86,lt_1k,ca4f93b909e598bd
9141162,https://www.investegate.co.uk/announcement/rns/zotefoams--ztf/notification-of-transactions-of-directors-pdmrs-/9141162,2025-09-29,ZTF,Gary Christopher McGrath,29,4.029,116.84,lt_1k,192e03979b8b3b14
9402320,,2026-01-30,MPAC,Simon Kesterton,30,3.745,112.35,lt_1k,584540937ce71273
9569196,,2026-05-13,JDW,Tom Ball,17,5.97,101.49,lt_1k,7096d757152c0cbb
9569196,,2026-05-13,JDW,Will Fotheringham,16,5.97,95.52,lt_1k,44f552fc2bb7dfaf
9259496,,2025-11-21,TSCO,Stewart Gilliland,21,4.5301,95.13,lt_1k,e4791151d1e12410
9129743,,2025-09-24,WYN,Alk Brand,24,3.739,89.74,lt_1k,5eb20f03303bcd80
9553147,,2026-04-30,MNG,Shawn Gamble,29,3.0489,88.42,lt_1k,f9258d529479b291
9588393,https://www.investegate.co.uk/announcement/rns/greencore-group-cdi---gnc/director-pdmr-shareholding/9588393,2026-05-27,GNC,Leslie van de Walle And Domitille Marie Ren,27,2.268,61.24,lt_1k,78eec07c3f426389
9562574,,2026-05-08,POLN,Crispin Goldsmith,7,8.4976,59.48,lt_1k,2292a8de7835de74
9592683,https://www.investegate.co.uk/announcement/rns/greencore-group-cdi---gnc/director-pdmr-shareholding/9592683,2026-05-29,GNC,Alastair Murray,29,2.047,59.36,lt_1k,1487a6853a643911
9492567,,2026-03-25,EVPL,Mr Mikkel Weider,25,2.34,58.5,lt_1k,9c7cd9358c394cb9
9480348,,2026-03-17,GPE,Number of Shares Purchased,17,3.0943,52.6,lt_1k,521be49e3e1170af
9056178,,2025-08-13,POLR,Rachel Stynes,980,0.048759,47.78,lt_1k,867a09f037a354d6
9541610,,2026-04-27,HAS,James Hilton,117,0.321929,37.67,lt_1k,cc0845a84751434e
9422516,,2026-02-09,EVPL,Mr Frank Sagnier,9,3.01,27.09,lt_1k,c510faaf4de7ca53
9597987,https://www.investegate.co.uk/announcement/rns/greencore-group-cdi---gnc/director-pdmr-shareholding/9597987,2026-06-01,GNC,Leslie van de Walle And Domitille Marie Ren,1,2.004,2.0,lt_1k,a9ffc85764c1ca12
